{
  "timestamp": "20251230_165703",
  "iterations": 100000,
  "python_version": "3.12.12 (main, Oct 31 2025, 23:21:56) [Clang 21.1.4 ]",
  "scenario": "file_io",
  "results": {
    "simple_logging": {
      "logging": {
        "avg_time": 0.6360524583530301,
        "std_dev": 0.0,
        "min_time": 0.6360524583530301,
        "max_time": 0.6360524583530301,
        "ops_per_second": 157219.7366533826
      },
      "logxide": {
        "avg_time": 0.22414716662994275,
        "std_dev": 0.001491905664223843,
        "min_time": 0.22290887497365475,
        "max_time": 0.2258034999249503,
        "ops_per_second": 446135.46315798705
      },
      "picologging": {
        "avg_time": 0.26880263870892424,
        "std_dev": 0.001669031583805973,
        "min_time": 0.26774262508843094,
        "max_time": 0.27072654105722904,
        "ops_per_second": 372020.15754125855
      },
      "structlog": {
        "avg_time": 0.5505144446312139,
        "std_dev": 0.006342860323781664,
        "min_time": 0.5441157919121906,
        "max_time": 0.5568000000203028,
        "ops_per_second": 181648.2763989769
      }
    },
    "structured_logging": {
      "logging": {
        "avg_time": 0.6512669303144017,
        "std_dev": 0.0,
        "min_time": 0.6512669303144017,
        "max_time": 0.6512669303144017,
        "ops_per_second": 153546.87202024
      },
      "logxide": {
        "avg_time": 0.24258022235396007,
        "std_dev": 0.011307852366603208,
        "min_time": 0.2343261670321226,
        "max_time": 0.25546912499703467,
        "ops_per_second": 412234.7610601385
      },
      "picologging": {
        "avg_time": 0.2799604026755939,
        "std_dev": 0.0025781113539996223,
        "min_time": 0.2771874170284718,
        "max_time": 0.2822847500210628,
        "ops_per_second": 357193.3710778224
      },
      "structlog": {
        "avg_time": 0.5966647083405405,
        "std_dev": 0.0040377447591899256,
        "min_time": 0.5931704579852521,
        "max_time": 0.6010850419988856,
        "ops_per_second": 167598.315439374
      }
    },
    "error_logging": {
      "logging": {
        "avg_time": 0.6437842500163242,
        "std_dev": 0.0,
        "min_time": 0.6437842500163242,
        "max_time": 0.6437842500163242,
        "ops_per_second": 155331.54158006248
      },
      "logxide": {
        "avg_time": 0.23457981929338226,
        "std_dev": 0.003390772566032989,
        "min_time": 0.2326109999557957,
        "max_time": 0.23849512496963143,
        "ops_per_second": 426294.1300800171
      },
      "picologging": {
        "avg_time": 0.276967360987328,
        "std_dev": 0.005355686735233066,
        "min_time": 0.27358024998102337,
        "max_time": 0.28314187505748123,
        "ops_per_second": 361053.3733777218
      },
      "structlog": {
        "avg_time": 0.577211013645865,
        "std_dev": 0.004870497448049202,
        "min_time": 0.5715871249558404,
        "max_time": 0.5800484999781474,
        "ops_per_second": 173246.86749888104
      }
    }
  }
}